Question,Answer,Chapter
Exodus 1 names the children of Israel which came into what place?,"Egypt, Exodus 1:1",1
How many souls came out of the loins of Jacob to Egypt?,"Seventy, Exodus 1:5",1
"FIB with 1 blank: And ___ died, and all his brethren, and all that generation.","Joseph, Exodus 1:6",1
"What people are described this way: They were fruitful, and increased abundantly","The children of Israel, Exodus 1:7",1
"Bonus for 15: FIB: And the children of Israel were ___, and increased abundantly, and ___, and waxed exceeding ___.","fruitful, multiplied, mighty, Exodus 1:7",1
Exodus describes a new king over Egypt. Who does it say he knew not?,"Joseph, Exodus 1:8",1
"FIB with 1 blank: Behold, the people of the children of Israel are more and ___ than we.","mightier, Exodus 1:9",1
What did the new king of Egypt fear the children of Israel might do in a time of war?,"join unto our enemies, Exodus 1:10",1
"pharaoh said to deal wisely with the children of Israel, lest they do what?","multiply, Exodus 1:10",1
What did taskmasters afflict the children of Israel with?,"burdens, Exodus 1:11",1
Who did the king of Egypt set over the children of Israel to afflict them?,"taskmasters, Exodus 1:11",1
Bonus for 10: What were the two treasure cities that the children of Israel built for pharaoh?,"Pithom and Raamses, Exodus 1:11",1
How were the cities of Pithom and Raamses described in Exodus 1:11?,"Treasure cities, Exodus 1:11",1
"It is said that the more the children of Israel were afflicted, the more what happened?","They multiplied and grew, Exodus 1:12",1
The children of Israel were made to serve the Egyptians with what?,"Rigour, Exodus 1:13",1
Bonus for 15: The children of Israel's lives were made bitter with hard bondage. In what three things were they made to  work?,"In morter, in brick, in all manner of service in the field, Exodus 1:14",1
FIB with one blank: And they made their lives ___ with hard bondage.,"bitter, Exodus 1:14",1
pharaoh spoke to Shiphrah and who else about killing the Hebrew sons?,"Puah, Exodus 1:15",1
Bonus for 10: Name the two Hebrew midwives the king of Egypt spoke to.,"Shiphrah and Puah, Exodus 1:15",1
What were the occupations of Shiphrah and Puah?,"Midwives, Exodus 1:15",1
In what case did pharaoh tell the Hebrew midwives they should let a baby live?,"If it was a daughter, Exodus 1:16",1
What did Pharaoh tell the Hebrew midwives to do to the newborn hebrew sons?,"kill them, Exodus 1:16",1
Who did the Hebrew midwives fear?,"God, Exodus 1:17",1
"Bonus for 10: Who said the following and who was it spoken to: ""Why have ye done this thing, and have saved the men children alive?""","The king of Egypt (pharaoh) to the midwives, Exodus 1:18",1
The midwives told pharaoh that Hebrew women are not like Egyptian women. How did they describe Hebrew women?,"Lively, Exodus 1:19",1
When did the midwives tell Pharaoh Hebrew women delivered their babies?,"ere (before) the midwives come in unto them, Exodus 1:19",1
"Be Specific, God dealt well with the midwives and the people multiplied. How did they wax?","very mighty, Exodus 1:20",1
Why did God make the Hebrew midwives houses?,"because they feared God, Exodus 1:21",1
"After the midwives explained why they weren't killing newborn Hebrew sons, what did pharaoh commanded be done to them?","they shall be cast into the river, Exodus 1:22",1
Bonus for 15: FIB: Every ___ that is born ye shall ___ into the ___.,"son, cast, river, Exodus 1:22",1
Moses's father what of what house?,"the house of Levi, Exodus 2:1",2
Exodus 2 says that a man of the house of Levi married a daughter of what tribe?,"Levi, Exodus 2:1",2
A woman conceived and hid her goodly child for how long?,"3 months, Exodus 2:2",2
For how long was Moses hidden before his mother could no longer hide him?,"3 months, Exodus 2:2",2
Bonus question for 10: Moses's ark of bulrushes was daubed with what?,"slime and pitch, Exodus 2:3",2
Moses's mother put him in an ark and laid it in the flags by what?,"the river's brink, Exodus 2:3",2
Where did Moses's sister stand to wit what would be done to him?,"afar off, Exodus 2:4",2
For what purpose did Moses sister stand afar off?,"to wit what would be done to him, Exodus 2:4",2
The daughter of Pharaoh went where to wash herself in Exodus 2?,"the river, Exodus 2:5",2
What did the daughter of Pharaoh do when she saw the ark among the flags?,"she sent her maid to fetch it, Exodus 2:5",2
The daughter of Pharaoh saw the ark among what?,"the flags, Exodus 2:5",2
What was the daughter of Pharaoh's emotional reaction when she saw baby Moses weeping?,"she had compassion on him, Exodus 2:6",2
Who spoke after Pharaoh's daughter said that the babe was one of the Hebrews' children?,"Moses's sister, Exodus 2:7",2
"Bonus for 10: Who said these words and who were they spoken to: ""Shall I go and call to thee a nurse of the Hebrew women, that she may nurse the child for thee?""","Moses's sister to Pharaoh's daughter, Exodus 2:7",2
"When Pharaoh's daughter told her to go, who did the maid go and call?","Moses's mother, Exodus 2:8",2
What did Pharaoh's daughter offer in return for nursing the child?,"thy wages, Exodus 2:9",2
"When Moses grew, whose son did he become?",Pharaoh's daughter,2
Bonus for 15: What did Pharaoh's daughter say was the reason she named the child Moses?,"Because I drew him out of the water, Exodus 2:10",2
"Be specific, in Exodus 2, when Moses was grown, who did he go out unto?","his brethren, Exodus 2:11",2
Moses spied an Egyptian doing what to a Hebrew?,"smiting him, Exodus 2:11",2
What did Moses do before slaying the Egyptian?,"Looked this way and that, Exodus 2:12",2
What did Moses do to the Egyptian after slaying him?,"hid him in the sand, Exodus 2:12",2
"Who said these words? ""Wherefore smitest thou thy fellow?""","Moses, Exodus 2:13",2
"Bonus for 15: FIB: ""Who made thee a ___ and a ___ over us? Intendest thou to kill me, as thou killest the ___?""","prince, judge, Egyptian, Exodus 2:14",2
"When the Hebrew man accused him of killing the Egyptian, how did Moses feel as he said ""Surely this thing is known""?","he feared, Exodus 2:14",2
What did Pharaoh seek to do after hearing that Moses killed an Egyptian?,"slay Moses, Exodus 2:15",2
Where did Moses dwell after fleeing Pharaoh?,"Midian, Exodus 2:15",2
Moses fled to Midian and sat down where?,"by a well, Exodus 2:15",2
How many daughters did the priest of Midian have?,"seven, Exodus 2:16",2
"As the daughters of the priest of Midian watered their father's flock, who came?","shepherds, Exodus 2:17",2
What did the shepherds do to the daughters of the priest of Midian?,"drove them away, Exodus 2:17",2
"Moses stood up, helped the daughters of the priests of Midian, and did what?","watered their flock, Exodus 2:17",2
What was the name of the priest of Midian with seven daughters?,"Reuel, Exodus 2:18",2
Why did Reuel question his daughters when they came back from the well after Moses helped them?,"Because they came so soon (they returned earlier than expected), Exodus 2:18",2
Whose hands did the daughters of Reuel say Moses delivered them out of?,"the hands of the shepherds, Exodus 2:19",2
"Be specific, who did the daughters of Reuel say delivered them out of the hand of the shepherds?","An Egyptian, Exodus 2:19",2
"Bonus for 10: Who said these words and to whom: ""Why is it that ye have left them man? call him, that he may eat bread.""","Reuel (the priest of Midian), to his daughters, Exodus 2:20",2
The priest of Midian told his daughters to call Moses so that he may do what?,"eat bread, Exodus 2:20",2
"After being called to eat bread, it is said that Moses was content to do what with Reuel?","dwell with him, Exodus 2:21",2
Who did Reuel give to Moses?,"Zipporah, Exodus 2:21",2
What was Zipporah's relationship with Reuel?,"She was his daughter, Exodus 2:21",2
Name Moses's first son.,"Gershom, Exodus 2:22",2
"Name this person: His father named him saying ""I have been a stranger in a strange land"".","Gershom, Exodus 2:22",2
"Bonus for 20: FIB: ""And he called his name ___: for he said, I have been a ___ in a ___ ____","Gershom, stranger, strange, land, Exodus 2:22",2
The children of Israel cried. Who did their cry come up to?,"God, Exodus 2:23",2
"After this person died, God heard the groaning of the children of Israel.","the king of Egypt, Exodus 2:23",2
Bonus for 15: God heard the Hebrews' groaning and remembered his covenant with what three people?,"Abraham, Isaac, Jacob, Exodus 2:24",2
When God heard the groaning of the Children of Israel what did he remember?,"his covenant (with Abraham...), Exodus 2:24",2
"When he remembered his covenant, God looked upon the children of Israel and had what unto them?","respect, Exodus 2:25",2
How was Jethro related to Moses?,"Father in law, Exodus 3:1",3
What did Moses keep for his father in law?,"the flock, Exodus 3:1",3
What was the name of the mountain of God that Moses came to with a flock of sheep?,"Horeb, Exodus 3:1",3
What part of the desert did Moses lead the flock to as he came to Horeb?,"the backside, Exodus 3:1",3
Who appeared unto Moses at Horeb?,"an angel of the Lord, Exodus 3:2",3
Bonus for 15: FIB: And the angel of the Lord appeared unto him in a ___ of ___ out of the midst of a ___.,"flame, fire, bush, Exodus 3:2",3
Moses saw that the bush burned with fire but what did not happen?,"the bush was not consumed, Exodus 3:2",3
"Be specific,The angel of the Lord appeared unto Moses in what out of the midst of a bush?","a flame of fire, Exodus 3:2",3
Who saw that Moses turned aside to see the burning bush?,"The Lord, Exodus 3:4",3
"At Horeb, God called out to Moses out of the midst of what?","the bush, Exodus 3:4",3
"How did Moses respond when God said ""Moses, Moses"", from the midst of a burning bush?","Here am I, Exodus 3:4",3
"Bonus for 15: Finish the verse: ""Put off thy shoes from off they feet...""","For the place whereon thou standest is holy ground, Exodus 3:5",3
Why did God tell Moses to take off his shoes at Horeb?,"For the place where he stood was holy ground, Exodus 3:5",3
"God told Moses that he is the God of Abraham, Isaac, Jacob, and who else?","his father, Exodus 3:6",3
"Because he was afraid, what did Moses do after God announced who he was?","hid his face, Exodus 3:6",3
"FIB with one blank: Said by God to Moses: ""(I) have heard their cry by reason of their ___; for I know their sorrows""","taskmasters, Exodus 3:7",3
Who's sorrows did the Lord tell Moses he saw?,"his people in Egypt, Exodus 3:7",3
Bonus for 25: In addition to the Canaanites what five people did the Lord say would be living in the good land he would give the Hebrews?,"Hittites, Amorites, Perizzites, Hivites, Jebusites, Exodus 3:8",3
"The lord described the land he would bring his people into as large, flowing with milk and honey and how else?","good, Exodus 3:8",3
Bonus for 10: The Lord described a good large land. What did would be flowing in it?,"milk and honey, Exodus 3:8",3
"FIB with one blank: Now therefore, behold, the ___ of the children of Israel is come unto me","cry, Exodus 3:9",3
The Lord told Moses he would send him unto who?,"Pharaoh, Exodus 3:10",3
"Who said the following: ""Who am I, that I should go unto Pharaoh""","Moses, Exodus 3:11",3
"God told Moses that as a token to him, when he brings the people out of Egypt, what would happen?","they would serve God on this mountain, Exodus 3:12",3
I AM hath sent me unto you. Who was Moses told to say these words to?,"the children of Israel, Exodus 3:14",3
"God told Moses that ""I AM"" was his name forever and it was what unto all generations?","his memorial, Exodus 3:15",3
Who did God tell Moses to gather together and tell that God visited them.,"the elders of Israel, Exodus 3:16",3
God told Moses to request from Pharaoh a three days journey for the Israelites. Where would they go on this journey?,"into the wilderness, Exodus 3:18",3
"FIB with one blank: I am sure that the king of Egypt will not let you go, no, not by a ___ hand","mighty, Exodus 3:19",3
God said he would stretch out his hand and smite egypt with what?,"wonders, Exodus 3:20",3
Where did God tell Moses he would smite Egypt with wonders?,"in the midst, Exodus 3:20",3
God told Moses that what would happen after he smote Egypt with wonders?,"Pharaoh would let you go, Exodus 3:20",3
In whose sight did God tell Moses he would give the children of Israel favour?,"the Egyptians, Exodus 3:21",3
God told Moses that the children of Israel would not go in what state when the left Egypt?,"empty, Exodus 3:21",3
God told Moses that every Israelite woman would borrow jewels from her neighbor and from who else?,"her that sojourneth (lives) in her house, Exodus 3:22",3
"After every woman puts raiments on their sons and daughters, what did God say the Israelites would do to the Egyptians?","spoil them, Exodus 3:22",3
"When Moses shared his concern, the Lord asked what was in his hand. How did Moses answer?","a rod, Exodus 4:2",4
Moses told the Lord a staff was in his hand. What did God then tell him to do?,"throw it on the ground, Exodus 4:3",4
What happened when Moses cast down his rod for the first time?,"it became a serpent, Exodus 4:3",4
"When Moses's rod first turned into a serpent, what did Moses do?","fled from it, Exodus 4:3",4
What did  the Lord tell Moses to do to turn the serpent back into a rod?,"take it by the tail, Exodus 4:4",4
"Bonus for 15: FIB: Put forth thine hand, and take it by the ___. And he put forth his hand, and ___ it, and it became a ___ in his hand.","tail, caught, rod, Exodus 4:4",4
"Be specific, the Lord told moses to put his hand where, causing it to become leprous?","his bosom, Exodus 4:6",4
Moses's hand was described as leprous as what?,"snow, Exodus 4:6",4
What did Moses have to do to return his hand to normal from its leprous state?,"put his hand into his bosom again, Exodus 4:7",4
"God told Moses that if the children of Israel didn't believe his first two signs, he should pour water on dry land. Where would the water be from?","the river, Exodus 4:9",4
What did God say the water Moses poured on the ground would turn into?,"blood, Exodus 4:9",4
"Who said these word: ""O my Lord, I am not eloquent""","Moses, Exodus 4:10",4
"Who were these words said to: ""Who hath made man's mouth? or who maketh the dumb, or deaf, or the seeing, or the blind? have not I the Lord?","Moses, Exodus 4:11",4
"Fill in the blank with one blank: ""Is not Aaron the ___ thy brother?""","Levite, Exodus 4:14",4
God said to Moses that who would be the spokesman unto the Israelites?,"Aaron the Levite, Exodus 4:16",4
"At the burning bush, God told Moses to take what in his hand to do signs with?","the rod, Exodus 4:17",4
Who did Moses ask to let him go back to Egypt?,"Jethro (his father in law), Exodus 4:18",4
"When Moses asked him to let him go back to Egypt, what did Jethro say?","Go in peace, Exodus 4:18",4
The Lord told Moses in Midian to go back to Egypt. Who did he say was dead?,"all the men that sought his life, Exodus 4:19",4
"When Moses went back to Egypt, what did he set his wife and sons upon?","an ass, Exodus 4:20",4
What did the Lord say he would do to Pharaoh after Moses did all his the wonders before him?,"harden his heart, Exodus 4:21",4
God told Moses to do wonders before Pharaoh. What did he say Pharaoh would not do because he would harden his heart?,"let the people go, Exodus 4:21",4
"God told Moses to say to Pharaoh that Israel is God's son, even what?","His firstborn, Exodus 4:22",4
"What did God describe to Moses as his son, even his firstborn?","Israel, Exodus 4:22",4
"Bonus for 15: Let my son go, that he may serve me: and if thou refuse to let him go, behold...","I will slay thy son even thy firstborn, Exodus 4:23",4
God called Israel his son. What did he say he would do if Pharaoh refused to let Israel go?,"slay thy son, even thy firstborn, Exodus 4:23",4
The Lord met and sought to kill Moses by the way in what?,"the inn, Exodus 4:24",4
"By the way in the inn, the Lord met Moses and sought what?","to kill him, Exodus 4:24",4
"Bonus for 10: Who said these words and who were they spoken to: ""Surely a bloody husband art thou to me.""","Zipporah to Moses, Exodus 4:25",4
"Who said these words, ""Surely a bloody husband art thou to me""","Zipporah, Exodus 4:25",4
What did Zipporah do after taking a sharp stone and cutting off the foreskin of her son?,"cast it at his feet, Exodus 4:25",4
"Be specific, with what did Zipporah cut off her son's foreskin?","a sharp stone, Exodus 4:25",4
Whose foreskin did Zipporah cut off and then cast at Moses's feet?,"her son, Exodus 4:25",4
"Zipporah said ""a bloody husband thou art because of"" what?","the circumcision, Exodus 4:26",4
"Bonus for 15: FIB of a quote from Zipporah: A ___ ___ thou art, because of the ___","bloody, husband, circumcision, Exodus 4:26",4
The Lord told Aaron to go where to meet Moses?,"the wilderness, Exodus 4:27",4
Aaron kissed moses at the mount of what?,"God, Exodus 4:27",4
"When Aaron first met Moses at the mount of God, what did he do?","kissed him, Exodus 4:27",4
"Be specific, Moses told Aaron all the words of the Lord who had sent him, and all of what?","the signs which he had commanded him, Exodus 4:28",4
"Who did Moses tell all the words of the Lord who had sent him, and all the signs which he had commanded him?","Aaron, Exodus 4:28",4
"FIB with one blank: And ___ spake all the words which the Lord had spoken unto Moses, and did the signs in the sight of the people.","Aaron, Exodus 4:30",4
Aaron spake all the words which the Lord spoke to who?,"Moses, Exodus 4:30",4
Aaron spake all the words which the Lord had spoken unto Moses. What did he do in the sight of the people?,"the signs, Exodus 4:30",4
"Bonus for 20: FIB: And the people ___, and when they heard that the Lord had visited the children of Israel, and that he had looked upon their ___, then they ___ their heads and ___.","believed, affliction, bowed, worshipped, Exodus 4:31",4
"Be specific, In Exodus 4, when the children of Israel heard that the Lord looked upon their affliction, what did they do?","bowed their heads and worshipped, Exodus 4:31",4
Moses and Aaron asked Pharaoh to let the Israelites go so they could hold a feast where?,"the wilderness, Exodus 5:1",5
"Bonus for 15: Who said these words and who were they spoken to: ""Who is the LORD, that I should obey his voice to let Israel go?""","Pharaoh to Moses and Aaron, Exodus 5:2",5
What reason did Moses and Aaron give Pharaoh for the people of Israel needing to go into the wilderness?, To sacrifice to the LORD Exodus 5:3.,5
What two things did Moses and Aaron say God might fall upon them with if Israel didn't go to sacrifice to the LORD?,pestilence or the sword Exodus 5:3.,5
"Complete the verse, Wherefore do ye Moses and Aaron, let the people from their works?", Get you unto your burdens Ex 5:4,5
"FIB with one blank: Behold, the people of the land now are ___, and ye have made them rest from their burdens.","many, Exodus 5:5",5
"After talking to Moses and Aaron, when did Pharaoh tell the taskmasters to take straw from the Israelites?","the same day, Exodus 5:6",5
What did Pharaoh instruct the taskmasters to stop giving the Israelites for make their bricks in Exodus chapter 5?,"Straw, Exodus 5:7",5
FIB with one work: Ye shall no more give the people straw to make ___.,"brick, Exodus 5:7",5
"After Moses and Aaron came to see Pharaoh, who did Pharaoh instruct the taskmasters should be responsible for gathering straw to make bricks?", The Israelites (themselves) Exodus 5:7.,5
Pharaoh said to give the Israelites more work so that they may labour and not regard what kind of words?,"vain, Exodus 5:9",5
The taskmasters spoke to the Israelites telling them of Pharaoh's instructions not to give them straw to make bricks. Who else were with the taskmasters as they spoke with the Israelites?, their officers Ex 5:10,5
"FIB with one word: Thus saith Pharaoh, I will not give you ___.","straw, Exodus 5:10",5
The taskmasters said that the Israelites should get their own straw. What did they say should not be diminished?,"(not ought of) their work, Exodus 5:11",5
"Be specific, in search of straw, the children of Israel scattered throughout where?","all the land of Egypt, Exodus 5:12",5
What does exodus 5 say that the children of Israel gathered instead of straw?, stubble Exodus 5:12,5
Who set the officers of the Israelites over them?,"the taskmasters, Exodus 5:14",5
Who does it say in Exodus 5 were beaten because they did not fulfil their tasks in making bricks as they did the day before?," The officers of the children of Israel, Exodus 5:14",5
To whom did the officers of the children of Israel cry to regarding their treatment after being beaten for not producing enough bricks?," Pharaoh, Exodus 5:15",5
"According to Pharaoh in Exodus 5, why did the Israelites want to go and sacrifice to the LORD?"," Because they were idle, Exodus 5:17.",5
"FIB with the same word: Ye are ___, ye are ___, therefore ye say, Let us go and do sacrifice to the Lord","idle, Exodus 5:17",5
"Be Specific, After the officers’ complained, Pharaoh told them that no straw would be given to them yet they shall deliver what??","The tale of bricks, Exodus 5:18.",5
"After they were told that the amount of bricks they produces should not be diminished, the officers of the children of Israel saw that they were in what?","an evil case, Exodus 5:19",5
Who did the officers of Israel blame saying that they made their savour to be abhorred by Pharaoh?, Moses and Aaron Exodus 5:20-21,5
Who were these words spoken to: wherefore hast thou so evil entreated this people? Why is it that thou hast sent me?,"the Lord, Exodus 5:22",5
"FIB with one blank: For since I came to Pharaoh to speak in thy name, he hath done ___ to this people.","Evil, Exodus 5:23",5
"FIB with the same word: For with a ___ hand shall he let them go, and with a ___ hand shall he drive them out of his land.","strong, Exodus 6:1",6
"Who, in addition to Abraham and Jacob, did God tell Moses he appeared unto?","Isaac, Exodus 6:3",6
"God said that he was known to Abraham, Isaac, and Jacob by the name of God Almighty, by what name was he not known to them?","Jehova, Exodus 6:3",6
"God said that he established what with Abraham, Isaac and Jacob?","a covenant, Exodus 6:4",6
"God told Moses that his covenant with his ancestors was to give them which land, in which they were strangers?","Canaan, Exodus 6:4",6
"FIB with one blank: I have also establish my covenant with them, to give them the land of Canaan, the land of their ___, wherein they were strangers.","pilgrimage, Exodus 6:4",6
When God heard the groaning of the children of Israel what did he remember?,"his covenant, Exodus 6:5",6
"In addition to great judgements, what did God say he would redeem the Israelites with?","a stretched out arm, Exodus 6:6",6
"FIB with one blank: I will bring you out from under the burden of the Egyptians, and I will rid you out of their ___.","bondage, Exodus 6:6",6
"God said he would bring the Israelites that which he swore to give to Abraham, Isaac, and Jacob. He said he would give it to them as what?","an heritage, Exodus 6:8",6
Bonus for 15: Moses spake unto the children of Israel but they hearkened not unto Moses for what two reasons?,"anguish of spirit and cruel bondage, Exodus 6:9",6
For anguish and spirit and for what other reason did the children of Israel not hearken unto Moses?,"cruel bondage, Exodus 6:9",6
"Moses spoke to the Lord. He said that if the children of Israel have not hearkened unto him, how shall this person hear him? Name the person","Pharaoh, Exodus 6:12",6
What word did Moses use to describe his lips to the Lord after the children of Israel?,"uncircumcised, Exodus 6:12",6
"In Exodus 6, who in addition to Moses did the Lord give charge unto the children of Israel?","Aaron, Exodus 6:13",6
The Lord gave Moses and Aaron charge unto the children of Israel and unto who?,"Pharaoh (king of Egypt), Exodus 6:13",6
The Lord gave Moses and Aaron charge to do what for the children of Israel?,"bring them out of the land of Egypt, Exodus 6:13",6
"Who was the father of Hanoch, Pallu, Hezron, and Carmi?","Reuben, Exodus 6:14",6
"In Exodus 6, what son of Reuben was mentioned first?","Hanoch, Exodus 6:14",6
Bonus for 20: Name Reuben's 4 sons.,"Hanoch, Pallu, Hezron, Carmi, Exodus 6:14",6
Who was the father of Hezron and Carmi?,"Reuben, Exodus 6:14",6
Who was the firstborn of Israel?,"Reuben, Exodus 6:14",6
Who was the father of Jemuel?,"Simeon, Exodus 6:15",6
Who was the father of Zohar and Shaul?,"Simeon, Exodus 6:15",6
"Who was the father of Jamin, Ohad, and Jachin?","Simeon, Exodus 6:15",6
Which of Simeon's sons was the son of a Canaanitish woman?,"Shaul, Exodus 6:15",6
What kind of woman does Exodus 6 say Shaul was the son of?,"Canaanitish, Exodus 6:15",6
Which son of Israel had a son with a Canaanitish woman?,"Simeon, Exodus 6:15",6
Who was Gershon's father?,"Levi, Exodus 6:16",6
Who was the father of Kohath and Merari?,"Levi, Exodus 6:16",6
How long did Levi live?,"137 years, Exodus 6:16",6
Bonus for 15: Name Levi's sons.,"Gershon, Kohath, and Merari, Exodus 6:16",6
"In addition to Shimi, who was the other son of Gershon?","Libni, Exodus 6:17",6
"Exodus 6 names the sons of Gershon, which son of Levi does it mention next?","Kohath, Exodus 6:18",6
"Who was the father of Izhar, Hebron, and Uzziel?","Kohath, Exodus 6:18",6
Who was Amram's father?,"Kohath, Exodus 6:18",6
For how long did Kohath live?,"133 years, Exodus 6:18",6
Bonus for 20: Name the 4 sons of Kohath?,"Amram, Izhar, Hebron, Uzziel, Exodus 6:18",6
"FIB with one word: And the sons of ___, Amram, Izhar, Hebron, and Uzziel","Kohath, Exodus 6:18",6
Who was the father of Mahali and Mushi?,"Merari, Exodus 6:19",6
"Who, along with Mahali, was the son of Merari?","Mushi, Exodus 6:19",6
"Who, along with Mushi, was the son of Merari?","Mahali, Exodus 6:19",6
How long did Amram live?,"137 years, Exodus 6:20",6
Name the mother of Aaron and Moses.,"Jochebed, Exodus 6:20",6
Who was the father of Aaron?,"Amram, Exodus 6:20",6
Who was Moses's grandfather?,"Kohath, Exodus 6:20",6
What was Kohath's relationship to Aaron?,"grandfather, Exodus 6:18-20",6
"The sons of Izhar were Nepheg, Zichri, and who else?","Korah, Exodus 6:21",6
"Who was the father of Korah, Nepheg, and Zichri?","Izhar, Exodus 6:21",6
"The sons of Uzziel were Elzaphan, Zithri, and who else?","Mishael, Exodus 6:22",6
"Who was the father of Mishael, Elzaphan, and Zithri?","Uzziel, Exodus 6:22",6
"Who was the father of Elisheba, Aaron's wife?","Amminadab, Exodus 6:23",6
"Elisheba, Aaron's wife, was the sister of who?","Nahshon, Exodus 6:23",6
"Who am I: I am the daughter of Amminadab, I am the sister of Naashon, I am the mother of Nadab, Abihu, Eleazar, and Ithamar.","Elisheba, Exodus 6:23",6
Bonus for 20: Name the 4 sons of Aaron.,"Nadab, Abihu, Eleazar, and Ithamar, Exodus 6:23",6
"Who, aside from Abihu, Eleazar, and Ithamar, was the son of Aaron?","Nadab, Exodus 6:23",6
"Who was the father of Assir, Elkanah, and Abiasaph?","Korah, Exodus 6:24",6
FIB with one blank: And Eleazar Aaron's son took him one of the daughters of ___ to wife.,"Putiel, Exodus 6:25",6
Who was the grandfather of Phinehas?,"Aaron, Exodus 6:25",6
The Lord told Aaron and Moses to bring out the children of Israel according to their what?,"armies, Exodus 6:26",6
The Lord told Moses that he made him a god to who?,"Pharaoh, Exodus 7:1",7
"The Lord said that he made Moses a god to Pharaoh, who did he say shall be his prophet?","Aaron, Exodus 7:1",7
"The Lord said to Moses, ""I have made thee a god to Pharaoh"". What did he say his brother Aaron shall be?","thy prophet, Exodus 7:1",7
"Bonus for 10: I have made thee a ___ to Pharaoh, and Aaron thy brother shall be thy ___.","god, prophet, Exodus 7:1",7
God said that Moses would speak all that he commanded him. What did he say Aaron shall do?,"speak unto Pharaoh, Exodus 7:2",7
God said he would harden Pharaoh's heart and do what his own signs and wonders?,"multiply them, Exodus 7:3",7
"In addition to signs, what did God say he would multiply in the land of Egypt?","wonders, Exodus 7:3",7
Who did God say would not hearken unto Moses?,"Pharaoh, Exodus 7:4",7
"FIB with one blank: But Pharaoh shall not hearken unto you, that I may lay my hand upon Egypt, and bring forth mine ___.","armies, Exodus 7:4",7
"When He stretches forth his hand upon Egypt, who did God say would know that he is the Lord?","the Egyptians, Exodus 7:5",7
Moses was 40 and Aaron was 43 when what occurred?,"they spake unto Pharaoh, Exodus 7:7",7
Who was fourscore and three years old when he spoke to Pharaoh?,"Aaron, Exodus 7:7",7
"Bonus for 15: Take thy ___, and ___ it before Pharaoh, and it shall become a ___.","rod, cast, serpant, Exodus 7:9",7
Aaron cast down his rod before Pharaoh and who else?,"his servants, Exodus 7:10",7
What happened when Aaron cast down his rod before Pharaoh and his servants?,"it became a serpent, Exodus 7:10",7
"Pharaoh called sorcerers, magicians, and who else after Aaron's rod became a serpent?","wise men, Exodus 7:11",7
"Pharaoh called wise men, magicians and who else after Aaron's rod became a serpent?","sorcerers, Exodus 7:11",7
Bonus for 15: What three groups of people did Pharaoh call after he saw Aaron's rod became a serpent?,"wise men, sorcerers, magicians, Exodus 7:11",7
"When Pharaoh called magicians to replicate Aaron's rod becoming a serpent, what did every man do with his rod?","cast it down, Exodus 7:12",7
What did Aaron's rod do after the magician's rods became serpents?,"swallowed up their rods, Exodus 7:12",7
"Bonus for 15: And he ___ Pharaoh's ___, that he ___ not unto them, as the Lord had said.","hardened, heart, hearkened, Exodus 7:13",7
"Aaron's miracle hardened Pharaoh's heart so that he did not do what, as was predicted by the Lord?","hearken unto them (Moses and Aaron), Exodus 7:13",7
Moses told the Lord that Pharaoh's heart was hardened and he refuseth to do what?,"let the people go, Exodus 7:14",7
What time of day did God tell Moses Pharaoh goes out unto the water?,"morning, Exodus 7:15",7
"According to God in Exodus 7, Pharaoh goeth out unto what in the morning?","the water, Exodus 7:15",7
"Bonus for 15: The Lord God of the ___ hath sent me unto thee, saying, let my people go, that they may serve me in the ___, and behold, hitherto thou wouldest not ___.","Hebrews, wilderness, hear, Exodus 7:16",7
"The fish that is in the river shall die, and the river shall do what?","stink, Exodus 7:18",7
How would the Egyptians feel about drinking out of the water of the river after it was turned to blood?,"they shall loathe it, Exodus 7:18",7
What did God say would die after the river was turned to blood?,"the fish, Exodus 7:18",7
The Lord said that the Egyptians would loathe to do what after the river was turned to blood?,"drink of the water of the river, Exodus 7:18",7
In vessels of wood and what would there be blood in all of Egypt?,"stone, Exodus 7:19",7
When talking about water being turned to blood. God mentioned what which were made of both wood and stone,"vessels, Exodus 7:19",7
What did Aaron do to the waters that were in the river with his rod?,"smote them, Exodus 7:20",7
What did Aaron do immediately before he smote the waters that were in the river and the waters were turned to blood?,"lifted up his rod, Exodus 7:20",7
FIB with one blank: All the waters that were in the ___ were turned to blood.,"river, Exodus 7:20",7
What did Exodus 7 say the Egyptians could not do after the river was turned to blood?,"drink of the water of the river, Exodus 7:21",7
"After Aaron turned the river into blood, the magicians of Egypt did so with what?","their enchantments, Exodus 7:22",7
"After Aaron turned the river into blood and Pharaoh's heart was hardened, he turned and went where?","into his house, Exodus 7:23",7
Bonus for 20: And all the Egyptians ___ round about the ___ for ___ to  ___,"digged, river, water, drink, Exodus 7:23",7
What did the Egyptians do round about the river looking for water to drink?,"digged, Exodus 7:24",7
How many days were fulfilled after the Lord had smitten the river?,"seven, Exodus 7:25",7
"Moses was to tell Pharaoh, he would smite what with frogs?","his borders, Exodus 8:2",8
"In one word, how did God say the rivers would bring forth frogs?","abundantly, Exodus 8:3",8
The Lord specifically said that frogs would come into thine house and into the house of who?,"thy servants, Exodus 8:3",8
What did God say would bring forth frogs abundantly?,"the river, Exodus 8:3",8
"FIB with one blank: And the ___ shall come up both on thee, and upon thy people, and upon all thy servants.","frogs, Exodus 8:4",8
"For the plague of frogs, Aaron was told to stretch forth his hand over streams, rivers, and what other body of water?","ponds, Exodus 8:5",8
Exodus 8:6 says that Aaron stretched for his hand over the waters of Egypt. What did it say the frogs came up and did to the land of Egypt?,"covered it, Exodus 8:6",8
"Bonus for 10: And the ___ did so with their ___, and brought up frogs upon the land of Egypt","magicians, enchantment, Exodus 8:7",8
"During the plague of frogs, Pharaoh said to intreat the Lord to take frogs away from him. What did he say he would let the people go to do?","sacrifice unto the Lord, Exodus 8:8",8
"FIB with one word said by Moses: ___ over me, when shall I intreat for thee, and for thy servants, and for thy people, to destroy the frogs from thee and thy houses.","glory, Exodus 8:9",8
"When Moses asked Pharaoh when the frogs should be destroyed from him, what was Pharaoh's response?","tomorrow, Exodus 8:10",8
"Moses said that the frogs shall depart from Pharaoh, where did he say they would remain?","the river, Exodus 8:11",8
"Bonus for 20: And the frogs shall depart from thee, and from thy ___, and from thy ___, and from thy ___, and shall remain in the ___ only.","houses, servants, people, river, Exodus 8:11",8
"The frogs died out of the houses, out of the villages, and out of where?","the fields, Exodus 8:13",8
"The frogs died out of the houses, out of the fields, and out of where?","the villages, Exodus 8:13",8
"After the frogs died in Egypt, what did they gather them together upon?","heaps, Exodus 8:14",8
What happened to the land after the dead frogs were gathered together upon heaps?,"it stank, Exodus 8:14",8
"FIB with one blank: Stretch out thy rod, and smite the dust of the land, that it may become ___ throughout all the land of Egypt.","lice, Exodus 8:16",8
"When Aaron smote the dust, it became lice in man and in what?","beast, Exodus 8:17",8
What happened when the magicians attempted to bring forth lice?,"they could not, Exodus 8:18",8
What did the magicians say unto Pharaoh after they could not bring forth lice?,"""This is the finger of God"", Exodus 8:19",8
"What happened immediately after the magicians told Pharaoh that ""this is the finger of God""?","his heart was hardened, Exodus 8:19",8
"Bonus for 15: I will send swarms of flies upon thee, and upon thy ___, and upon thy ___, and into thy ___.","servants, people, houses, Exodus 8:21",8
"Moses said the houses of the Egyptians shall be full of swarms of flies. What, whereon they are, would also be full of swarms?","the ground, Exodus 8:21",8
Where did Moses say he would sever so that no swarms of flies shall be there?,"the land of Goshen, Exodus 8:22",8
"Be specific, when talking about the plague of flies, who did Moses say dwelt in the land of Goshen?","my people, Exodus 8:22",8
FIB with one blank describing the plague of flies: And I will put a ___ between my people and thy people.,"division, Exodus 8:23",8
FIB with one blank: there came a ___ swarm of flies into the house of Pharaoh.,"grievous, Exodus 8:24",8
What happened to the land by reason of the swarm of flies?,"it was corrupted, Exodus 8:24",8
"Aside from pharaoh's house, whose house does Exodus 8 say the swarm of flies come into?","his servants house, Exodus 8:24",8
"During the plague of flies, Pharaoh called Moses and Aaron, what did he tell them to go do in the land?","sacrifice to your God, Exodus 8:25",8
Moses told Pharaoh that to sacrifice to the Lord they would go on a journey of what length?,"three days, Exodus 8:27",8
"During the plague of flies, Pharaoh agreed to let the Israelites go sacrifice to the Lord under the condition that they don't go where?","they shall not go very far away, Exodus 8:28",8
"Moses said he would intreat the Lord to remove the flies from Egypt. In one word, how did he say Pharaoh must not deal with him anymore?","deceitfully, Exodus 8:29",8
"FIB with one blank: And Moses went out from Pharaoh, and ___ the Lord.","intreated, Exodus 8:30",8
"When removing the swarms of flies from Egypt, the Lord did according to what?","the word of Moses, Exodus 8:31",8
"Be specific, How does Exodus 8 describe the number of flies that remained after the Lord removed them from Egypt?","(there remained) not one, Exodus 8:31",8
"Bonus for 20: FIB: And ___ ___ his ___ at this time also, ___ would he let the people go.","Pharaoh, hardened, heart, neither, Exodus 8:32",8
"Be specific, how did God describe the murrain which shall be upon the cattle in Egypt?","very grievous, Exodus 9:3",9
The plague on the cattle of Egypt was described as a very grievous what?,"murrain, Exodus 9:3",9
Exodus 9 said that the Lord would sever the cattle of what two places?,"Israel and Egypt, Exodus 9:4",9
FIB with the same word: All the ___ of Egypt died: but of the ___ of the children of Israel died not one.,"cattle, Exodus 9:6",9
"After the plague of cattle, what did the Lord tell Moses and Aaron to take handfuls of?","ashes (of the furnace), Exodus 9:8",9
The Lord told Moses and Aaron to take handfuls of ashes of the furnace and let Moses do what with it before the sight of Pharaoh?,"sprinkle it toward heaven, Exodus 9:8",9
Moses and Aaron were told to take handfuls of ashes from where?,"the furnace, Exodus 9:8",9
"Bonus for 20: FIB: And it shall become small ___ in all the land of Egypt, and shall be a ___ breaking forth with ___ upon man, and upon ___, throughout all the land of Egypt.","dust, boil, blains, beast, Exodus 9:9",9
"FIB with one word: and it became a boil breaking forth with ___ upon man, and upon beast.","blains, Exodus 9:10",9
"FIB with one blank: And the Lord hardened the heart of Pharaoh, and he ___ not unto them.","hearkened, Exodus 9:12",9
"Bonus for 15: FIB: For now I will ___ out my hand, that I may ___ thee and thy people with ___, and thou shalt be cut off from the earth.","stretch, smite, pestilence, Exodus 9:15",9
Pharaoh was told that tomorrow it would rain what?,"(a very grievous) hail, Exodus 9:18",9
In describing the grievous hail it was said that such had not been in Egypt since when even until now?,"the foundation (thereof), Exodus 9:18",9
"FIB from Exodus 9: Send therefore now, and gather thy ___, and all that thou hast in the field.","cattle, Exodus 9:19",9
"When hail comes down upon every man and beast, what shall happen to them?","they shall die, Exodus 9:19",9
Who among the servants of Pharaoh made their servants and cattle flee into their houses?,"He that feared the word of the Lord, Exodus 9:20",9
"Bonus for 20: When hearing about the rain of hail, what did he that feared the word of the Lord among Pharaoh's servants do?","made his servants and cattle flee into the houses, Exodus 9:20",9
Bonus for 15: and he that regarded not the ___ of the Lord left his servants and ___ in the ___.,"word, cattle, field, Exodus 9:21",9
Who left their servants and cattle in the field after hearing about the hail that would rain on Egypt.,"he that regarded not the word of the Lord, Exodus 9:21",9
What action did the Lord have Moses take when he told him that there would be hail in the land of Egypt?,"stretch forth thine hand toward heaven, Exodus 9:22",9
What did Moses do before the Lord rained hail upon the land of Egypt?,"stretched forth his rod toward heaven, Exodus 9:23",9
What ran along the ground as the Lord sent thunder and hail?,"fire, Exodus 9:23",9
"In Egypt, there was hail. What mingled with it?","fire, Exodus 9:24",9
"In two words, how was the hail and fire mingled with hail described?","very grievous, Exodus 9:24",9
It was said of the plague of hail that there was none like it since what event?,"Egypt became a nation, Exodus 9:24",9
"Throughout all the land of Egypt, the hail smote all that was in what place?","the field, Exodus 9:25",9
Where was there no hail?,"the land of Goshen, Exodus 9:26",9
Who was in the land of Goshen?,"the children of Israel, Exodus 9:26",9
"Bonus for 15: Who said this and who was it spoken to: ""I have sinned this time, the Lord is righteous, and I and my people are wicked.""","Pharaoh to Moses and Aaron, Exodus 9:27",9
Pharaoh said that he had sinned and that the Lord is righteous. What did he say of his people?,"they are wicked, Exodus 9:27",9
FIB with one blank: Intreat the Lord (for it is enough) that there be no more mighty ___ and hail.,"thunderings, Exodus 9:28",9
"Pharaoh said that if Moses intreated the Lord for no more thunderings and hail, he would do what?","let you go, Exodus 9:28",9
Moses told Pharaoh that there shall be no more hail and that what shall cease?,"the thunder, Exodus 9:29",9
What as smitten because it was in the ear?,"the barley, Exodus 9:31",9
"Why was the barley, in particular, smitten?","because it was in the ear, Exodus 9:31",9
What was smitten because it was bolled?,"flax, Exodus 9:31",9
"Why was the flax, in particular, smitten?","it was bolled, Exodus 9:31",9
Wheat and what else was not smitten during the plague of hail?,"rie, Exodus 9:32",9
Why were wheat and rie not smitten?,"for they were not grown up, Exodus 9:32",9
"Pharaoh's heart was hardened when he saw that the rain, hail, and what else ceased?","thunder, Exodus 9:34",9
"Pharaoh's heart was hardened when he saw that the rain, thunder, and what else ceased?","hail, Exodus 9:34",9
"What did Pharaoh do more when he saw that the rain, hail, and thunders were ceased?","sinned, Exodus 9:34",9
FIB with one blank: to morrow will I bring the ___ into thy coasts.,"locusts, Exodus 10:4",10
FIB with one blank: to morrow will I bring the locusts into thy ___.,"coasts, Exodus 10:4",10
What did Moses and Aaron say the locust would cover?,"the face of the earth, Exodus 10:5",10
What could one not be able to see during the plague of locusts?,"the earth, Exodus 10:5",10
What which groweth out of the field did Moses and Aaron say the locusts would eat?,"every tree, Exodus 10:5",10
Moses and Aaron said that the locusts would eat the residue of that which escaped. What caused the residue?,"the hail, Exodus 10:5",10
"What, of all the Egyptians, would the locusts fill?","the houses, Exodus 10:6",10
"Bonus for 15: Who said the following, who was it said to, and who was it said about: ""How long shall this man be a snare unto us?""","Pharaoh's servants to Pharaoh about Moses, Exodus 10:7",10
"After Moses described the locusts, Pharaoh's servants asked him how long Moses would be what unto them?","a snare, Exodus 10:7",10
"In Exodus 10, what did Pharaoh's servants say was destroyed?","Egypt, Exodus 10:7",10
"Bonus for 25: Pharaoh asked Moses who would go to serve the Lord, Moses specifically mentioned 6 groups of people and animals. Name 5 of them.","young, old, sons, daughters, flocks, herds, Exodus 10:9",10
What brought the locusts to Egypt?,"an east wind, Exodus 10:13",10
Where did the locusts rest when they went up over all the land of Egypt?,"in all the coasts of Egypt, Exodus 10:14",10
"What was described in the following way: ""For they covered the face of the whole earth, so that the land was darkened""?","locusts, Exodus 10:15",10
"Bonus for 10: When the locusts came to Egypt they ate two things which the hail had left, name them.","every herb of the land, all the fruit of the trees, Exodus 10:15",10
What was the description of the west wind which took away the locusts?,"mighty strong, Exodus 10:19",10
A wind from what direction took away the locusts?,"west, Exodus 10:19",10
A mighty strong west wind took the locusts away and did what to them?,"cast them into the Red sea, Exodus 10:19",10
"After a mighty strong west wind, there remained not one of what in all the coasts of Egypt?","locusts, Exodus 10:19",10
"FIB with the same word: Stretch out thine hand toward heaven, that there may be ___ over the land of Egypt, even ___ which can be felt.","darkness, Exodus 10:21",10
"FIB with one blank: there may be darkness over the land of Egypt, even darkness which may be ___.","felt, Exodus 10:21",10
"In one word, how was the darkness that was in all Egypt described?","thick, Exodus 10:22",10
How long was there darkness in all the land of Egypt?,"three days, Exodus 10:22",10
Where did the children of Israel have light during the three days of darkness?,"in their dwellings, Exodus 10:23",10
"After the three days of darkness, Pharaoh said that Moses could go under what condition?","let your flocks and herds be stayed, Exodus 10:24",10
"After the three days of darkness, Moses told Pharaoh that he must give him sacrifices and what else so that they may sacrifice to the Lord?","burn offerings, Exodus 10:25",10
Moses said that the Israelites cattle must go with them. What did he say shall not be left behind?,"an hoof, Exodus 10:26",10
"In Exodus 10, Pharaoh told Moses to get away from him and see his face no more. What did he say would happen on the day that Moses saw his face?","he (Moses) would die, Exodus 10:28",10
"Who said the following to whom? ""Yet will I bring one plague more upon Pharaoh and upon Egypt, afterward he will let you go hence"""," The Lord to Moses, Exodus 11:1.",11
"After the final plague, what did the Lord say Pharaoh would do to the Israelites?"," He shall let you go hence, Exodus 11:1.",11
What did God instruct the Israelites to borrow of their (Egyptian) neighbor?," Jewels of silver and jewels of gold, Exodus 11:2.",11
"According to Exodus 11, how was Moses viewed in the sight of Pharaoh's servants and the people?"," He was very great, Exodus 11:3.",11
"In speaking of the slaying of the firstborn of the Egyptians, when did God say he would go out in the midst of Egypt?"," About midnight, 11:4.",11
At what time did the Lord say He would go out into the midst of Egypt to bring the final plague?," About midnight, Exodus 11:4.",11
Who would die in the land of Egypt in the final plague?," All the firstborn, Exodus 11:5.",11
"Bonus for 10 FIB 2 blanks, And all the firstborn in the land of Egypt shall die, from the first born of Pharaoh that sitteth upon his throne, even unto the firstborn of the ___ that is behind the ___ "," Maidservant, mill Ex 11:5",11
The last plague against the Egyptians would extend beyond humans to include what else?,"(The firstborn of) the beasts, Exodus 11:5",11
What did the Lord say would be heard throughout Egypt as a result of the last plague?," A great cry, Exodus 11:6.",11
"Exodus 11 verse 7 says But against any of these people shall not a dog move his tongue against man or beast,  who were they referring to?"," The children of Israel, Exodus 11:7",11
God said that what shall not move his tongue against the children of Israel during the last plague?,"a dog, Exodus 11:7",11
"According to Exodus 11, God said that a dog shall not do what against man or beast among the Israelites?","move his tongue, Exodus 11:7",11
Who would come to Moses and bow down after the plague struck?," All of Pharaoh's servants, Exodus 11:8.",11
What would Pharaoh's servants beg Moses and the Israelites to do after the plague?," Get thee out, and all the people that follow thee Exodus 11:8.",11
Moses told Pharaoh about the final plague and then went out from him in what emotional state?,"great anger, Exodus 11:8",11
Who specifically would beg Moses to leave Egypt after the last plague?," All Pharaoh's servants, Exodus 11:8.",11
Who told Moses in Exodus chapter 11 that Pharaoh would not listen to him?," The Lord, Exodus 11:9.",11
What reason did the Lord give in Exodus 11 why Pharaoh would not hearken unto Moses?," That God's wonders may be multiplied (in the land of Egypt), Exodus 11:9.",11
"In Exodus 11, What did the Lord do to Pharaoh so that he would not let the Israelites leave Egypt?"," The Lord hardened Pharaoh’s heart, Exodus 11:10.",11
On what day of the month were the Israelites to select a lamb for the passover?, On the tenth day of the month (Exodus 12:3),12
"FIB with the same word: They shall take to them every man a ___, according to the house of their fathers, a ___ for an house.","lamb, Exodus 12:3",12
"If the household was too little for a lamb, who were the Israelites to share it with?","his neighbor next to his house, Exodus 12:4",12
The Passover lamb was to be shared with the Israelites neighbor in what case?,"if the household be too little (for the lamb), Exodus 12:4",12
FIB with one blank about the lamb: let him and his neighbor next unto his house take it according to the number of the ___.,"souls, Exodus 12:4",12
How old was the male lamb without blemish supposed to be?,"of the first year, Exodus 12:5",12
The Passover lamb could be taken out from the sheep or from what animal?,goats (Exodus 12:5),12
The Passover lamb could be taken out from the goats or from what animal?,"sheep, Exodus 12:5",12
On what day of the month were the Israelites supposed to kill the Passover lamb?," the fourteenth day of the month, Exodus 12:6",12
At what time of day on the fourteenth day of the month were the Israelites to kill the Passover lamb?, In the evening (Exodus 12:6),12
"Bonus for 20: FIB: And they shall take of the ___, and strike it on the two side ___ and on the upper door ___ of the ___ wherein they shall eat it.","blood, posts, post, house, Exodus 12:7",12
"In addition to the upper door posts, where were the Israelites supposed to strike blood on the house?","the two side posts, Exodus 12:7",12
At what time of day were the Israelites supposed to eat the flesh of the passover lamb?," at night, Exodus 12:8",12
"In one word, describe the herbs with which the children of Israel were to eat the Passover lamb.","bitter, Exodus 12:8",12
What type of bread were the Israelites commanded to eat during the Passover?, Unleavened bread (Exodus 12:8),12
God said to roast the lamb with fire and to not eat it raw. How else did God say they should not prepare the lamb?,"sodden (at all with water), Exodus 12:9",12
Bonus for 15: What 3 parts of the Passover lamb did Exodus specifically say should be roast with fire?," its head, legs and the purtenance (internal organs) Exodus 12:9",12
What were the Israelites to do with any of the Passover lamb which remained until the next morning?," Burn it with fire, Exodus 12:10",12
"Bonus for 15: God told the Israelites to eat the lamb in haste. In preparation, what three things did he tell them to already have done when they ate the lamb.","with your loins girded, your shoes on your feet, and your staff in your hand (Exodus 12:11)",12
"In Exodus chapter 12, against whom did God say he would execute judgment?"," against all  the gods of Egypt, Exodus 12:12",12
"FIB, one blank, ""And the blood shall be to you for a ____ upon the houses where ye are.""","token, Exodus 12:13",12
FIB with one blank: And the ___ shall be to you for a token upon the houses where ye are.,"blood, Exodus 12:13",12
"God said the Passover was to be a memorial, what did he say they shall keep it by an ordinance?","a feast, Exodus 12:14",12
"God said the Passover was to be a memorial, for how long did He say they should celebrate it?"," for ever, Exodus 12:14",12
For how many days were the Israelites to eat unleavened bread?, Seven days (Exodus 12:15),12
What were the Israelites to put away from their houses during the celebration of the Passover?, Leaven (Exodus 12:15),12
On what day of the Feast of Unleavened Bread should the Israelites  to put away leaven out of their houses?, first day Exodus 12:15,12
What would happen to anyone who ate leaven during the Feast of Unleavened Bread?, They would be cut off from Israel (Exodus 12:15),12
What did God say there should be in the first day of the Feast of Unleavened Bread?," A holy convocation, Exodus 12:16",12
On which two days of the Feast of Unleavened Bread was a holy convocation (sacred assembly) to be held?, The first day and the seventh day (Exodus 12:16),12
What did God say the first and seventh day of the Feast of Unleavened Bread should be?," A holy convocation, Exodus 12:16",12
"FIB with one blank: And ye shall observe the feast of unleavened bread, for this selfsame day have I brought your ___ out of the land of Egypt.","armies, Exodus 12:17",12
What did Exodus 12:18 say that the children of Israel should eat on the fourteenth day of the first month?," Unleavened bread, Exodus 12:18",12
"In the first month, the children of Israel were told to eat unleavened bread from the fourteenth day until what day?","the one and twentieth day (21st day), Exodus 12:18",12
"In Exodus 12:21, After hearing about the Passover from God, who did Moses call for?","all the elders of Israel, Exodus 12:21",12
What were the Israelites to use to strike the side posts with the blood of the lamb?," A bunch of hyssop, Exodus 12:22",12
"When the Israelites dipped hyssop in the blood, what would the blood be in?","the basin, Exodus 12:22",12
After putting the blood of the lamb on the lintel and posts of their homes what could the children of Israel not do until the morning?," go out the door of their houses, Exodus 12:22",12
The Lord would pass over the door of the Israelites. Who would He not suffer to come into their houses?,"the destroyer, Exodus 12:23",12
"Who did Moses say would asks the Israelites ""What mean ye by this service?""","their children, Exodus 12:26",12
"After Moses told the people about the Passover and before they went away, what did the people do?","bowed their head and worshipped, Exodus 12:27",12
"FIB with one blank: And the children of Israel went away, and did as the Lord had ___ Moses and Aaron, so did they.","commanded, Exodus 12:28",12
"Bonus for 15: In Exodus chapter 12 it says that at midnight the Lord smote the firstborn in the land of Egypt. For 5 points each, list the 3 first borns which were listed"," Firstborn of Pharoah, firstborn of the captive that was in the dungeon, all the firstborn of the cattle Exodus 12:29",12
"In the lists of firstborns the Lord smote, where was the captive who's firstborn was smote?","the dungeon, Exodus 12:29",12
"In Exodus 12, there was a great cry in Egypt because what was not in Egypt?","a house where there was not one dead, Exodus 12:30",12
"When Pharaoh told Moses to leave Egypt with the Israelites and to take their flocks and herds, what else did he tell Moses to do?","bless him, Exodus 12:32",12
"After the Passover, the Egyptians were urgent upon the Israelites. What did they say to them?"," We be all dead men, Exodus 12:33",12
"Bonus for 10: And the Egyptians were ___ upon the people, that they might send them out of the land in ___.","urgent, haste, Exodus 12:33",12
"When leaving Egypt, the Israelites took their dough before what happened to it?","before it was leaveneed, Exodus 12:34",12
"When told to leave Egypt, what did the Israelites have bound up in their clothes upon their shoulders?"," Their kneadingtroughs, Exodus 12:34",12
Bonus for 15: What did the children of Israel borrow from the Egyptians as they left Egypt?," Jewels of silver, jewels of gold, and raiment Exodus 12:35",12
"FIB, one blank referring to the Israelites as they left Egypt, And they _____ the Egyptians"," spoiled, Exodus 12:36",12
"In Exodus 12, the Israelites journeyed from what place to Succoth?"," Rameses, Exodus 12:37",12
The Israelites journeyed from Rameses to what place?," Succoth, Exodus 12:37",12
"Bonus for 15: FIB: And a mixed multitude went up also with them, and ___, and ___, even very much ___","flocks, herds, cattle, Exodus 12:38",12
What did the Israelites bake with the dough they brought out of Egypt?,"unleavened cakes, Exodus 12:39",12
"Because they were thrust out of Egypt, the Israelites could not tarry, neither had they prepared for themselves what?","(any) victual, Exodus 12:39",12
How long did the children of Israel sojourn in Egypt?," Four hundred and thirty years, Exodus 12:40",12
FIB with one blank: This is that night of the Lord to be ___ of all the children of Israel in their generations.,"observed, Exodus 12:42",12
FIB with one blank: This is that night of the Lord to be observed of all the children of Israel in their ___.,"generations, Exodus 12:42",12
What were the Israelites forbidden to break on the passover lamb?," A bone, Exodus 12:46",12
By what did the Lord bring the children of Israel out of the land of Egypt?,"their armies, Exodus 12:51",12
What did God command Moses for the Israelites to sanctify to Him in Exodus 13?," ""All the firstborn,"" (Exodus 13:2)",13
God commanded that the Israelites sanctify to him all the firstborn of man and of what?, beast Exodus 13:2,13
"Finish the verse: Whatsoever openeth the womb among the children of Israel, both of man and of beast...","it is mine, Exodus 13:2",13
"God said it is mine, referring to whatsoever openeth what among the children of Israel?","the womb, Exodus 13:2",13
Moses referred to Egypt as the house of what?,"bondage, Exodus 13:3",13
Moses said the Lord brought the Israelites out of Egypt by strength of what?,"hand, Exodus 13:3",13
"Bonus for 20: Remember this day, in which ye came out from Egypt, out of the ___ of ___, for by ___ of hand the ___ brought you out form this place.","house, bondage, strength, Lord, Exodus 13:3",13
What did God command should not be eaten during the Feast of Unleavened Bread?," ""Leavened bread."" (Exodus 13:3)",13
Name the month on which Moses said that the children of Israel came out of Egypt., Abib (Exodus 13:4),13
"Bonus for 20: In Exodus 13 God said he would bring the children of Israel into the land of the Canaanites, who were the other people who would be living in the land?"," Hittites, Amorites, Hivites, and Jebusites, Exodus13:5",13
"According to Moses, who did the Lord sware the land of the Canaanites to?","thy fathers, Exodus 13:5",13
On which day of the Feast of Unleavened Bread was there to be a feast to the Lord?," ""The seventh day."" (Exodus 13:6)",13
"FIB with one blank: Seven days thou shalt eat unleavened bread, and in the seventh day shall be a ___ to the Lord.","feast, Exodus 13:6",13
Neither shall this thing be seen with thee in all thy quarters. What is this referring to?,"leaven, Exodus 13:7",13
"Who were the Israelites to show saying the following, ""This is done because of that which the Lord did unto me when I came forth out of Egypt?", their son Ex 13:8,13
"Bonus for 15: And it shall be for a sign unto thee upon thine hand, and for a ___ between thine ___, that the Lord's law may be in thy ___.","memorial, eyes, mouth, Exodus 13:9",13
Moses said the feast of unleavened bread would be a memorial between what of the Israelites?,"their eyes, Exodus 13:9",13
"According to Moses, the Lord's law should be in what of the Isarelites?","their mouths, Exodus 13:9",13
FIB with one blank from Exodus 13: Thou shalt therefore keep this ___ in his season from year to year.,"ordinance, Exodus 13:10",13
What land did Moses say the Lord sware unto the Israelites and their fathers?,"the land of the Canaanites (Canaan), Exodus 13:11",13
"Along with every firstling that cometh of a beast, Moses said that the Isarelites should set apart all that openeth what for the Lord?","the matrix, Exodus 13:12",13
What was to happen to the firstborn male of an ass if it was not redeemed?," ""Thou shalt break his neck."" (Exodus 13:13)",13
What did Moses say shall done for every firstborn of man?, They had to be redeemed  (Exodus 13:13),13
Moses said that the Israelites shalt do what for every firstling of an ass?," ""Redeem it with a lamb."" (Exodus 13:13)",13
With what animal did Moses say the firstling of an ass shalt be redeemed?,"a lamb, Exodus 13:13",13
"FIB with one blank: I sacrifice to the Lord all that openeth the matrix, being ___.","males, Exodus 13:15",13
"Bonus for 15: And it shall be for a token upon thine ___, and for frontlets between thine ___, for by strength of ___ the Lord brought us forth out of Egypt.","hand, eyes, hand, Exodus 13:16",13
The land of what people was near when Pharaoh let hte Israelites go?,the Philistines Exodus 13:17,13
God did not let the Israelites go through the land of the Philistines because God thought they might repend when the see war and do what?,"return to Egypt, Exodus 13:17",13
"When Pharaoh let the people go what did God not do, saying ""Lest peradventure the people repent when they see war""?","led them not through the land of the Philistines, Exodus 13:17",13
God said that if the Israelites went through the land of the Philistines they might repent when they saw what?,"war, Exodus 13:17",13
"When Pharaoh let them go, God led the Israelites through the wilderness of what?","the Red sea, Exodus 13:18",13
Whose bones did the children of Israel take with them when they left Egypt?, Joseph's Exodus 13:19,13
Who straightly swore to the children of Israel saying God will surely visit you and ye shall carry up my bones away hence with you?, Joseph Exodus 13:19,13
"The Isarelites travelled from Succoth and encamped in what place, in the edge of the wilderness?","Etham, Exodus 13:20",13
The Isrealites took their journey from this place and encamped in Etham. Name the place.,"Succoth, Exodus 13:20",13
How did Exodus 13 describe the location of Etham?, In the edge of the wilderness Exodus 13:20,13
What did God use to guide the Israelites by day?," ""A pillar of a cloud."" (Exodus 13:21)",13
What did God use to guide the Israelites by night?," ""A pillar of fire."" (Exodus 13:21)",13
God went before the Isarelites by day in what?,"a pillar of cloud, Exodus 13:21",13
Pi-hahiroth was located between Migdol and the sea over against this place. What was the name of this place?, Baal zephon Ex 14:2,14
Bonus for 10: What were the two places that Exodus 14 locates Pi hahiroth between?, Between Migdol and the sea Exodus 14:2,14
The Lord said that the Isarelites should do what before Pi-hahiroth?,"encamp, Exodus 14:2",14
"FIB one blank, ""For Pharaoh will say of the children of Israel, They are _____ in the land, the wilderness hath shut them in.""", entangled  Ex 14:3,14
Why did the LORD say Pharaoh would think the Israelites were entangled in the land?, Because the wilderness hath shut them in Exodus 14:3,14
"What did God say He would harden, so that Pharaoh would follow after the Israelites?", Pharaoh’s heart Exodus 14:4,14
God said that he would harden Pharaoh's heart so he would be honoured upon Pharaoh and the Egyptians would know what?,"that I am the Lord, Exodus 14:4",14
"Pharaoh and his servants asked, why they let Israel go from doing what?","serving them, Exodus 14:5",14
How many chosen chariots did Pharaoh take with him?, Six hundred Exodus 14:7,14
Bonus for 15: Pharaoh made ready his chariot and took people with him. Describe what else he brought with him?," Six hundred chosen chariots, all the chariots of Egypt, captains over every one of them Exodus 14:7",14
"According to Exodus chapter 14, what did each of Pharoah's chariots have over them?",Captains Exodus 14:7,14
"Bonus for 20: But the Egyptians pursued after them, all the ___ and ___ of Pharaoh, and his ___, and his ___.","horses, chariots, horsemen, army, Exodus 14:9",14
"The Egyptians overtook the Israelites, encamping where, beside Pi-hahiroth, before Baal-zephon","by the sea, Exodus 14:9",14
"The Egyptians overtook the Israelites, encamping by the sea, beside this place, before Ball-zephon. Name the place.","Pi-hahiroth, Exodus 14:9",14
"The Egyptians overtook the Israelites, encamping by the sea, beside Pi-hahiroth, before this place. Name the place.","Baal-zephon, Exodus 14:9",14
"Be specific, encamping by the sea, where did Pharoah's army overtake the children of Israel?"," beside Pihahiroth, before Baalzephon Ex 14:9",14
How did the children of Israel feel when they saw the Egyptians marching after them?," They were sore afraid, Exodus 14:10",14
What did the Israelites do when they saw the Egyptians marching after them and were sore afraid?,"they cried out unto the Lord, Exodus 14:10",14
"FIB with one blank: Because there were no ___ in Egypt, hast thou taken us away to die in the wilderness?","graves, Exodus 14:11",14
"Bonus for 15: FIB: And they said unto Moses, Because there were no ___ in Egypt, hast thou taken us away to ___ in the ___?","graves, die, wilderness, Exodus 14:11",14
"When the Israelites saw the Egyptians, what did they accuse Moses of doing because there were no graves in Egypt?", Bringing them to die in the wilderness Exodus 14:11,14
What did the Israelites say it would have been better for them to do than die in the wilderness?, Serve the Egyptians Exodus 14:12,14
"In Exodus 14, who did Moses say the Israelites shall see again no more forever?","the Egyptians (whom ye have seen today), Exodus 14:13",14
"FIB with one blank: And the Lord shall ___ for you, and ye shall hold your peace.","fight, Exodus 14:14",14
"FIB with one blank: And the Lord shall fight for you, and ye shall hold your ___.","peace, Exodus 14:14",14
What did God instruct Moses do in order to divide the sea?," Lift up thy rod, stretch out thine hand over the sea Exodus 14:16",14
God said that the Children of Isarel shall go on what through the midst of the sea?,"dry ground, Exodus 14:16",14
"Be specific, God told Moses that the children of Israel shall go on dry ground through what?","the midst of the sea, Exodus 14:16",14
"When the Israelites and Egyptians were at the sea, God told Moses that he would harden the Egyptians hearts. What did he say they shall do?","follow them, Exodus 14:17",14
"FIB with one blank spoken by the Lord: And I will get me ___ upon Pharaoh, and upon all his host, upon his chariots, and upon his horesmen.","honour, Exodus 14:17",14
"Bonus for 15: At the Red Sea, God said he would gete honour upon Pharaoh and upon what three things?","Pharaoh's host, his chariots, and his horsemen, Exodus 14:17",14
The pillar of cloud went behind the Isarelites when what removed and went behind them?,"the angel of God, Exodus 14:19",14
The angel of God and the pillar of cloud went from before the Israelites to where?,"behind them, Exodus 14:19",14
"When the angel of God removed and went behind the camp of Israel, what stood behind them?","the pillar of the cloud, Exodus 14:19",14
"When the pillar of cloud moved from before the children of Israel to go behind them, which two camps did it separate?", Camp of the Egyptians and camp of Israelites Ex 14:20,14
"When  the pillar of cloud came between the camp of the Isrelites and  the camp of the Egyptians, what was it to the Egyptians?", A cloud and darkness Ex 14:20,14
What did the pillar of cloud do for the Israelites during the night?, It gave them light Exodus 14:20,14
The pillar of cloud came between the Isarelites and Egyptians so that one came not near the other over what period of time?,"all the night, Exodus 14:20",14
How did God cause the sea to go back?, By a strong east wind all that night Exodus 14:21,14
How did Exodus chapter 14 describe the east wind that caused the Red Sea to go back?, strong Exodus 14:21,14
How long did the east wind blow that made the sea dry land?, All that night Exodus 14:21,14
The strong east wind made the sea what?,"dry land, Exodus 14:21",14
"Bonus for 20: FIB: And the Lord caused the sea to go back by a ___ ___ ___ all that night, and made the sea dry land, and the waters were ___","strong, east, wind, divided, Exodus 14:21",14
"As the children of Israel crossed the Red Sea, how did it describe the waters on their right hand and their left?", A wall Ex 14:22,14
What did the waters form on either side of the Israelites as  they crossed the Red Sea?, A wall Exodus 14:22,14
During which watch did the LORD look down upon the Egyptian army as they pursued Israel?," The morning watch, Exodus 14:24",14
"In the morning watch, God looked upon what through the pillar of fire and cloud?","the host of the Egyptians, Exodus 14:24",14
"In the morning watch, God looked upon the host of the Egyptians through the pillar of fire and cloud and did what to them?","troubled them, Exodus 14:24",14
"While pursuing the Isrelites the Egyptians said ""Let us flee from the face of Israel"" what reason did they give?", For the Lord fighteth for them against the Egyptians. Ex 14:25,14
"Bonus for 10: FIB: ""And took off their ___ wheels, that they ___ them heavily."," chariot, drave Exodus 14:25",14
The Lord took off the Egyptians chariot wheels. How did it say they drave?,"heavliy, Exodus 14:25",14
"Who said the following: ""Let us flee from the face of Israel, for the Lord fighteth for them agains the Egyptians""","the Egyptians, Exodus 14:25",14
What did the LORD command Moses to do to cause the sea to return to its place?, Stretch out thine hand over the sea Exodus 14:26,14
"In Exodus 14:27, What happened to the sea when Moses stretched forth his hand over it?", The sea returned to his strength Exodus 14:27,14
At what time of day did the sea return to his strength?,"morning, Exodus 14:27",14
What did the Egyptians do when the sea returned its strength?,"fled against it, Exodus 14:27",14
Where did the Lord overthrow the Egyptians?,"the midst of the sea, Exodus 14:27",14
"Bonus for 15: When the water returned, what did it cover?","the chariots, the horsemen, and all the host of Pharaoh, Exodus 14:28",14
"When the waters returned, what did it do to the chariots and horsemen?","covered them, Exodus 14:28",14
Israel saw the Egyptians in what state upon the sea shore?,"dead, Exodus 14:30",14
The Israelites saw the Egyptians dead upon what?,"the sea shore, Exodus 14:30",14
"FIB with one blank: the people feared the Lord, and believed the Lord, and his ___ Moses","servant, Exodus 14:31",14
"FIB, two blanks, I will sing unto the Lord, for he hath triumphed gloriously: the _____ and his _____ hath he thrown into the sea"," horse, rider Ex 15:1",15
What did Miriam have in her hand as she sang to God after crossing the Red  Sea?, a timbrel Ex 15:20,15
"When Miriam took a timbrel in her hand to sing, who followed her?", all the women Ex 15:20,15
Who led the women in singing and dancing?," Miriam (the prophetess, sister of Aaron Exodus) 15:20",15
What instrument did Miriam and the women play as they sang?, Timbrels Exodus 15:20,15
Where did Moses lead Israel after they crossed the Red Sea?, Into the wilderness of Shur Exodus 15:22,15
Moses brought Isarel from what place and went into the wilderness of Shur?,"the Red sea, Exodus 15:22",15
For how many days did the Israelites find no water in the wilderness of Shur?, Three days Exodus 15:22,15
"In the wilderness, the Israelites went three days without finding what?","water, Exodus 15:22",15
What was the name of the place where they found bitter water?, Marah Exodus 15:23,15
Why couldn’t the Israelites drink the water at Marah?, Because it was bitter Exodus 15:23,15
Why was the name of the location in the wilderness called Mara?, Because the water was bitter Ex 15:23,15
What did the people do when they found the water at Marah was bitter?, They murmured against Moses Exodus 15:24,15
At Mara the children of Israel murmured against Moses what did they say?, What shall we drink? Exodus 15:24,15
"At Mara, what did Moses do in response to the people's complaints about water?"," He cried unto the Lord, Exodus 15:25",15
What did the Lord show Moses to make the bitter water sweet?," A tree, Exodus 15:25",15
What happened when Moses cast the tree into the waters?," The waters were made sweet, Exodus 15:25",15
What did Moses do with the tree to make the waters sweet?,"cast it into the waters, Exodus 15:25",15
"Bonus for 20: After making the waters sweet, God told the Israelites that he would put none of the diseases of the Egyptians on them if they diligently hearken to the voice of the Lord and do what other three things?","do what is right in his sight, give ear to his commandments, keep all his statutes Exodus 15:26",15
"In one word, how did God say the Israelites must hearken to the voice of the Lord in Marah?","diligently, Exodus 15:26",15
God promised he would put none of the diseases he had put on the Egyptians on the Israelites because he is the Lord that does what?,"healeth thee, Exodus 15:26",15
Where did the Israelites camp after leaving Marah?, Elim Exodus 15:27,15
How many wells of water were there at Elim?," Twelve, Exodus 15:27",15
How many palm trees were at Elim?," Threescorere and ten, Exodus 15:27",15
What place is described as having twelve wells of water and threescore and ten palm trees?,"Elim, Exodus 15:27",15
What did Elim have twelve of?,"wells of water, Exodus 15:27",15
Exodus 15 says the Israelites encamped in Elim by what?,"the waters, Exodus 15:27",15
Where did the children of Israel journey to after Elim?, The wilderness of Sin (Exodus 16:1),16
The congregation of the children of Israel took their journey from this place to the wilderness of Sin. Name the place.,"Elim, Exodus 16:1",16
Bonus for 10: The wilderness of Sin is between what two places?,"Elim and Sinai, Exodus 16:1",16
The wilderness of Sin is between Elim and which place?,"Sinai, Exodus 16:1",16
On what day of the second month did the Israelites enter the wilderness of Sin?, The fifteenth day (Exodus 16:1),16
The Israelites came unto the wilderness of Sin on the fifteenth day of what month after they left Egypt?,"the second month, Exodus 16:1",16
FIB with one blank: The whole congregation of the children of Israel ___ against Moses and Aaron in the wilderness.,"murmured, Exodus 16:2",16
Against what two people did the whole congregation of teh Israelites murmer in the wilderness of Sin?,"Moses and Aaron, Exodus 16:2",16
With what did the children of Isarel say Moses brought them to the wilderness of Sin to kill them with?,"hunger, Exodus 16:3",16
"FIB from Exodus 16: For ye have brought us forth into this wilderness, to kill the whole assembly with ___.","hunger, Exodus 16:3",16
What did the children of Israel claim they at to the full in Egypt?,bread (Exodus 16:3),16
"When complaining of hunger, the Israelites said that they would have preferred to have died in Egypt when they sat by what?","flesh pots, Exodus 16:3",16
"The Lord said he would rain bread from heaven, what did he say the people should do at a certain rate every day?","gather, Exodus 16:4",16
What did the Lord tell Moses He would rain down from heaven for the Israelites?, Bread (Exodus 16:4),16
From where did God say he would rain bread?,"heaven, Exodus 16:4",16
On which day were the Israelites to gather twice as much bread?, On the sixth day (Exodus 16:5),16
The Lord wanted the Israelites to gather bread at a certain rate every day to prove whether they will do what?,"walk in (follow) my law, Exodus 16:4",16
"On the sixth day, what did God say the Israelites should do with the bread raining from heaven?","bring in twice as much as they gather daily, Exodus 16:5",16
At what time of day did Moses say the Lord gave the Israelites flesh to eat?,"in the evening, Exodus 16:8",16
At what time of day did Moses say the Lord gave the Israelites bread to the full?,"in the morning, Exodus 16:8",16
Who did Moses and Aaron say the people’s murmurings were against?, The Lord (Exodus 16:8),16
"Who was Aaron to say the following to: ""Come near before the Lord, for he hath heard your murmerings""","all the congregation of the children of Israel, Exodus 16:9",16
"As Aaron spake to the congregation of  the Israelites, in what did the glory of the Lord appear?","a cloud, Exodus 16:10",16
"At even, what came up and covered the camp of the Israelites?", Quails (Exodus 16:13),16
"In the morning, what lay round about the host of the Israelite camp?","dew, Exodus 16:13",16
"Bonus for 15: And it came to pass, that at even the __ came up, and covered the ___, and in the morning the ___ lay round about the host.","quails, camp, dew, Exodus 16:13",16
"Manna, a small round thing, was described as being as small as what?","the hoar frost on the ground, Exodus 16:14",16
"FIB with the same blank: there lay a ___ round thing, as ___ as the hoar frost on the ground.","small, Exodus 16:14",16
"FIB with one word: It is ___, for they wist not what it was.","manna, Exodus 16:15",16
How much manna did Moses say to gather for every man according to the numbe of persons?,"an omer, Exodus 16:16",16
Moses told every man to take manna for who?,"them which are in his tents, Exodus 16:16",16
"When they did mete the manna with an omer, what did he that gathered little not have?","lack, Exodus 16:18",16
"Be specific, when they did mete the manna with an omer, who had nothing over?","he that gathered much, Exodus 16:18",16
What were the Israelites instructed not to leave the manna until what time?,"the morning, Exodus 16:19",16
What happened to the manna of those that left it until the morning?, It bred worms and stank (Exodus 16:20),16
How did Moses feel toward those that left manna until the morning?,"he was wroth with them, Exodus 16:20",16
What happened to the manna when the sun waxed hot?,"it melted, Exodus 16:21",16
"FIB with one blank: And it came to pass, that on the sixth day they gathered twice as much bread, two ___ for one man.","omers, Exodus 16:22",16
On which day did the manna not spoil when kept until morning?," On the sixth day, (Exodus 16:24)",16
"On the Sabbath, where did Moses say the Israelites would not find manna?","in the field, Exodus 16:25",16
"What did some people do on the seventh day, even though Moses commanded them not to?", They went out to gather manna (Exodus 16:27),16
"When the people went to gether manna on the seventh day, the Lord asked Moses how long they would refuse to keep what two things?","His commandments and laws, Exodus 16:28",16
FIB with one blank: So the people ___ on the seventh day.,"rested, Exodus 16:30",16
How was the taste of manna described?, Like wafers made with honey (Exodus 16:31),16
What name did the Israelites give to the bread from heaven?, Manna (Exodus 16:31),16
Bonus for 20: Describe manna as it was described in Exodus 16:31,"it was like coriander seed, white, and the taste of it was like wafers made with honey, Exodus 16:31",16
Who carried out God’s command to preserve an omer of manna as a testimony?, Aaron (Exodus 16:33-34),16
"Who said the following and to whom: ""take a pot, and put an omer full of manna therin, and lay it up before the Lord, to be kept for your generations""","Moses to Aaron, Exodus 16:33",16
"Be specific, Moses told Aaron to take a pot and put what in it to be kept for generations?","an omer (full) of manna, Exodus 16:33",16
Aaron was told to take a pot of manna and lay it before the Lord to be kept for what?,"his generations, Exodus 16:33",16
For how many years did the Israelites eat manna?,"forty, Exodus 16:35",16
The Israelites ate manna until they came to what kind of land?,"inhabited, Exodus 16:35",16
"Until the children of Israel came unto the borders of this place, they ate manna. Name the place","the land of Canaan, Exodus 16:35",16
What is the tenth part of an ephah?,"an omer, Exodus 16:36",16
"According to Exodus, how is an omer related to an ephah?","an omer is the tenth part of an ephah, Exodus 16:36",16
An omer is the tenth part of what?,"an ephah, Exodus 16:36",16